INSERT INTO users (id, username, email, name, password, slug, created_by, updated_by, created_at, updated_at)
VALUES 
    ('00000000-0000-0000-0000-000000000001', 'johndoe', 'john.doe@example.com', 'John Doe', 'encryptedpassword', 'john-doe', '00000000-0000-0000-0000-000000000002', '00000000-0000-0000-0000-000000000002', CURRENT_TIMESTAMP, CURRENT_TIMESTAMP),
    ('00000000-0000-0000-0000-000000000002', 'janesmith', 'jane.smith@example.com', 'Jane Smith', 'encryptedpassword', 'jane-smith', '00000000-0000-0000-0000-000000000002', '00000000-0000-0000-0000-000000000002', CURRENT_TIMESTAMP, CURRENT_TIMESTAMP),
    ('00000000-0000-0000-0000-000000000003', 'robertjohnson', 'robert.johnson@example.com', 'Robert Johnson', 'encryptedpassword', 'robert-johnson', '00000000-0000-0000-0000-000000000002', '00000000-0000-0000-0000-000000000002', CURRENT_TIMESTAMP, CURRENT_TIMESTAMP),
    ('00000000-0000-0000-0000-000000000004', 'sarahwilliams', 'sarah.williams@example.com', 'Sarah Williams', 'encryptedpassword', 'sarah-williams', '00000000-0000-0000-0000-000000000002', '00000000-0000-0000-0000-000000000002', CURRENT_TIMESTAMP, CURRENT_TIMESTAMP),
    ('00000000-0000-0000-0000-000000000005', 'michaelbrown', 'michael.brown@example.com', 'Michael Brown', 'encryptedpassword', 'michael-brown', '00000000-0000-0000-0000-000000000002', '00000000-0000-0000-0000-000000000002', CURRENT_TIMESTAMP, CURRENT_TIMESTAMP);

INSERT INTO roles (id, name, slug, created_by, updated_by, created_at, updated_at)
VALUES ('00000000-0000-0000-0000-000000000003', 'Admin', 'admin', '00000000-0000-0000-0000-000000000002', '00000000-0000-0000-0000-000000000002', CURRENT_TIMESTAMP, CURRENT_TIMESTAMP),
       ('00000000-0000-0000-0000-000000000004', 'User', 'user', '00000000-0000-0000-0000-000000000002', '00000000-0000-0000-0000-000000000002', CURRENT_TIMESTAMP, CURRENT_TIMESTAMP);

INSERT INTO permissions (id, name, slug, created_by, updated_by, created_at, updated_at)
VALUES ('00000000-0000-0000-0000-000000000005', 'Read', 'read', '00000000-0000-0000-0000-000000000002', '00000000-0000-0000-0000-000000000002', CURRENT_TIMESTAMP, CURRENT_TIMESTAMP),
       ('00000000-0000-0000-0000-000000000006', 'Write', 'write', '00000000-0000-0000-0000-000000000002', '00000000-0000-0000-0000-000000000002', CURRENT_TIMESTAMP, CURRENT_TIMESTAMP),
       ('00000000-0000-0000-0000-000000000007', 'Execute', 'execute', '00000000-0000-0000-0000-000000000002', '00000000-0000-0000-0000-000000000002', CURRENT_TIMESTAMP, CURRENT_TIMESTAMP);

INSERT INTO user_roles (user_id, role_id)
VALUES 
    ('00000000-0000-0000-0000-000000000001', '00000000-0000-0000-0000-000000000003'), -- John Doe (Admin)
    ('00000000-0000-0000-0000-000000000001', '00000000-0000-0000-0000-000000000004'); -- John Doe (User)

INSERT INTO role_permissions (role_id, permission_id)
VALUES ('00000000-0000-0000-0000-000000000003', '00000000-0000-0000-0000-000000000005'),
       ('00000000-0000-0000-0000-000000000003', '00000000-0000-0000-0000-000000000006'),
       ('00000000-0000-0000-0000-000000000004', '00000000-0000-0000-0000-000000000007');

INSERT INTO user_permissions (user_id, permission_id)
VALUES 
    ('00000000-0000-0000-0000-000000000001', '00000000-0000-0000-0000-000000000007'); -- John Doe
