INSERT INTO users (id, username, email, name, password, slug, created_by, updated_by, created_at, updated_at)
VALUES 
    ('00000000-0000-0000-0000-000000000001', 'johndoe', 'john.doe@example.com', 'John Doe', 'encryptedpassword', 'john-doe', '00000000-0000-0000-0000-000000000002', '00000000-0000-0000-0000-000000000002', CURRENT_TIMESTAMP, CURRENT_TIMESTAMP),
    ('00000000-0000-0000-0000-000000000002', 'janesmith', 'jane.smith@example.com', 'Jane Smith', 'encryptedpassword', 'jane-smith', '00000000-0000-0000-0000-000000000002', '00000000-0000-0000-0000-000000000002', CURRENT_TIMESTAMP, CURRENT_TIMESTAMP),
    ('00000000-0000-0000-0000-000000000003', 'robertjohnson', 'robert.johnson@example.com', 'Robert Johnson', 'encryptedpassword', 'robert-johnson', '00000000-0000-0000-0000-000000000002', '00000000-0000-0000-0000-000000000002', CURRENT_TIMESTAMP, CURRENT_TIMESTAMP),
    ('00000000-0000-0000-0000-000000000004', 'sarahwilliams', 'sarah.williams@example.com', 'Sarah Williams', 'encryptedpassword', 'sarah-williams', '00000000-0000-0000-0000-000000000002', '00000000-0000-0000-0000-000000000002', CURRENT_TIMESTAMP, CURRENT_TIMESTAMP),
    ('00000000-0000-0000-0000-000000000005', 'michaelbrown', 'michael.brown@example.com', 'Michael Brown', 'encryptedpassword', 'michael-brown', '00000000-0000-0000-0000-000000000002', '00000000-0000-0000-0000-000000000002', CURRENT_TIMESTAMP, CURRENT_TIMESTAMP);

INSERT INTO roles (id, name, description, slug, created_by, updated_by, created_at, updated_at)
VALUES 
    ('00000000-0000-0000-0000-000000000001', 'admin', 'Administrator role', 'admin', '00000000-0000-0000-0000-000000000001', '00000000-0000-0000-0000-000000000001', CURRENT_TIMESTAMP, CURRENT_TIMESTAMP),
    ('00000000-0000-0000-0000-000000000002', 'user', 'Regular user role', 'user', '00000000-0000-0000-0000-000000000001', '00000000-0000-0000-0000-000000000001', CURRENT_TIMESTAMP, CURRENT_TIMESTAMP),
    ('00000000-0000-0000-0000-000000000003', 'manager', 'Manager role', 'manager', '00000000-0000-0000-0000-000000000001', '00000000-0000-0000-0000-000000000001', CURRENT_TIMESTAMP, CURRENT_TIMESTAMP),
    ('00000000-0000-0000-0000-000000000004', 'editor', 'Content editor role', 'editor', '00000000-0000-0000-0000-000000000001', '00000000-0000-0000-0000-000000000001', CURRENT_TIMESTAMP, CURRENT_TIMESTAMP),
    ('00000000-0000-0000-0000-000000000005', 'viewer', 'Read-only viewer role', 'viewer', '00000000-0000-0000-0000-000000000001', '00000000-0000-0000-0000-000000000001', CURRENT_TIMESTAMP, CURRENT_TIMESTAMP),
    ('00000000-0000-0000-0000-000000000006', 'auditor', 'Audit and compliance role', 'auditor', '00000000-0000-0000-0000-000000000001', '00000000-0000-0000-0000-000000000001', CURRENT_TIMESTAMP, CURRENT_TIMESTAMP);

INSERT INTO permissions (id, name, slug, created_by, updated_by, created_at, updated_at)
VALUES ('00000000-0000-0000-0000-000000000005', 'Read', 'read', '00000000-0000-0000-0000-000000000002', '00000000-0000-0000-0000-000000000002', CURRENT_TIMESTAMP, CURRENT_TIMESTAMP),
       ('00000000-0000-0000-0000-000000000006', 'Write', 'write', '00000000-0000-0000-0000-000000000002', '00000000-0000-0000-0000-000000000002', CURRENT_TIMESTAMP, CURRENT_TIMESTAMP),
       ('00000000-0000-0000-0000-000000000007', 'Execute', 'execute', '00000000-0000-0000-0000-000000000002', '00000000-0000-0000-0000-000000000002', CURRENT_TIMESTAMP, CURRENT_TIMESTAMP);

INSERT INTO user_roles (user_id, role_id)
VALUES 
    ('00000000-0000-0000-0000-000000000001', '00000000-0000-0000-0000-000000000001'), -- John Doe (Admin)
    ('00000000-0000-0000-0000-000000000001', '00000000-0000-0000-0000-000000000002'); -- John Doe (User)

INSERT INTO role_permissions (role_id, permission_id)
VALUES 
    ('00000000-0000-0000-0000-000000000001', '00000000-0000-0000-0000-000000000005'), -- Admin (Read)
    ('00000000-0000-0000-0000-000000000001', '00000000-0000-0000-0000-000000000006'), -- Admin (Write)
    ('00000000-0000-0000-0000-000000000002', '00000000-0000-0000-0000-000000000007'); -- User (Execute)

INSERT INTO user_permissions (user_id, permission_id)
VALUES 
    ('00000000-0000-0000-0000-000000000001', '00000000-0000-0000-0000-000000000007'); -- John Doe

INSERT INTO resources (id, name, description, label, type, uri, slug, created_by, updated_by, created_at, updated_at)
VALUES
    ('00000000-0000-0000-0000-000000000007', 'API Endpoints', 'API endpoint management resource', 'API', 'path', '/api', 'api-endpoints', '00000000-0000-0000-0000-000000000001', '00000000-0000-0000-0000-000000000001', CURRENT_TIMESTAMP, CURRENT_TIMESTAMP),
    ('00000000-0000-0000-0000-000000000008', 'Dashboard', 'Dashboard management resource', 'Dashboard', 'path', '/dashboard', 'dashboard', '00000000-0000-0000-0000-000000000001', '00000000-0000-0000-0000-000000000001', CURRENT_TIMESTAMP, CURRENT_TIMESTAMP),
    ('00000000-0000-0000-0000-000000000009', 'Reports', 'Report generation and management resource', 'Reports', 'path', '/reports', 'reports', '00000000-0000-0000-0000-000000000001', '00000000-0000-0000-0000-000000000001', CURRENT_TIMESTAMP, CURRENT_TIMESTAMP),
    ('00000000-0000-0000-0000-000000000010', 'Settings', 'Application settings management resource', 'Settings', 'path', '/settings', 'settings', '00000000-0000-0000-0000-000000000001', '00000000-0000-0000-0000-000000000001', CURRENT_TIMESTAMP, CURRENT_TIMESTAMP);

INSERT INTO resource_permissions (resource_id, permission_id)
VALUES 
    ('00000000-0000-0000-0000-000000000007', '00000000-0000-0000-0000-000000000005'), -- Read permission
    ('00000000-0000-0000-0000-000000000007', '00000000-0000-0000-0000-000000000006'), -- Write permission
    ('00000000-0000-0000-0000-000000000007', '00000000-0000-0000-0000-000000000007'), -- Execute permission
    
    ('00000000-0000-0000-0000-000000000008', '00000000-0000-0000-0000-000000000005'), -- Read permission
    ('00000000-0000-0000-0000-000000000008', '00000000-0000-0000-0000-000000000006'), -- Write permission
    ('00000000-0000-0000-0000-000000000008', '00000000-0000-0000-0000-000000000007'), -- Execute permission
    
    ('00000000-0000-0000-0000-000000000009', '00000000-0000-0000-0000-000000000005'), -- Read permission
    ('00000000-0000-0000-0000-000000000009', '00000000-0000-0000-0000-000000000006'), -- Write permission
    ('00000000-0000-0000-0000-000000000009', '00000000-0000-0000-0000-000000000007'), -- Execute permission
    
    ('00000000-0000-0000-0000-000000000010', '00000000-0000-0000-0000-000000000005'), -- Read permission
    ('00000000-0000-0000-0000-000000000010', '00000000-0000-0000-0000-000000000006'), -- Write permission
    ('00000000-0000-0000-0000-000000000010', '00000000-0000-0000-0000-000000000007'); -- Execute permission
