INSERT INTO users (id, username, email_enc, name, password_enc, slug, created_by, updated_by, created_at, updated_at, last_login_at, last_login_ip, is_active)
VALUES 
    ('00000000-0000-0000-0000-000000000001', 'johndoe', X'2d0ef762b0faee984f904565f544defc1899b3a4dc2b42f81d3a56523c8b67ed9bb9caa4d7935f2ecdcb66675f7a5dcc', 'John Doe', X'70617373776f7264313233', 'john-doe', '00000000-0000-0000-0000-000000000002', '00000000-0000-0000-0000-000000000002', CURRENT_TIMESTAMP, CURRENT_TIMESTAMP, CURRENT_TIMESTAMP, '127.0.0.1', 1),
    ('00000000-0000-0000-0000-000000000002', 'janesmith', X'4c5765e7e7554c9f72e25f830a81921f795037986690bcdfdf3bc0081197ae6cab0af0247021f0c0ee0aa491659d4d1f64f8', 'Jane Smith', X'70617373776f7264313233', 'jane-smith', '00000000-0000-0000-0000-000000000002', '00000000-0000-0000-0000-000000000002', CURRENT_TIMESTAMP, CURRENT_TIMESTAMP, CURRENT_TIMESTAMP, '127.0.0.1', 1),
    ('00000000-0000-0000-0000-000000000003', 'bobjohnson', X'7882f06e62640a6944ef6e03ccd6eab131ef6ccbbd63ba50e51ec29b0ffc0c0a973d7908cdedeb8ee6df203705602a553b4d23', 'Bob Johnson', X'70617373776f7264313233', 'bob-johnson', '00000000-0000-0000-0000-000000000002', '00000000-0000-0000-0000-000000000002', CURRENT_TIMESTAMP, CURRENT_TIMESTAMP, CURRENT_TIMESTAMP, '127.0.0.1', 1),
    ('00000000-0000-0000-0000-000000000004', 'alicebrown', X'f77ab8f292a4bd137573bdadc4a707db327ca512a542561e04613e5d1305c49fe79cc5294ad4fba9e9b02732715628908db331', 'Alice Brown', X'70617373776f7264313233', 'alice-brown', '00000000-0000-0000-0000-000000000002', '00000000-0000-0000-0000-000000000002', CURRENT_TIMESTAMP, CURRENT_TIMESTAMP, CURRENT_TIMESTAMP, '127.0.0.1', 1),
    ('00000000-0000-0000-0000-000000000005', 'charliewilson', X'ca86d447d0f4c6ca42e51565a90c0c81d9ea15019410d171d01cdeb7d5fe50aee9ae0f7f6a66edf81c8a81840d1070ca1f823bc744bd', 'Charlie Wilson', X'70617373776f7264313233', 'charlie-wilson', '00000000-0000-0000-0000-000000000002', '00000000-0000-0000-0000-000000000002', CURRENT_TIMESTAMP, CURRENT_TIMESTAMP, CURRENT_TIMESTAMP, '127.0.0.1', 1);

INSERT INTO roles (id, name, description, slug, created_by, updated_by, created_at, updated_at)
VALUES 
    ('00000000-0000-0000-0000-000000000001', 'admin', 'Administrator role', 'admin', '00000000-0000-0000-0000-000000000001', '00000000-0000-0000-0000-000000000001', CURRENT_TIMESTAMP, CURRENT_TIMESTAMP),
    ('00000000-0000-0000-0000-000000000002', 'user', 'Regular user role', 'user', '00000000-0000-0000-0000-000000000001', '00000000-0000-0000-0000-000000000001', CURRENT_TIMESTAMP, CURRENT_TIMESTAMP),
    ('00000000-0000-0000-0000-000000000003', 'manager', 'Manager role', 'manager', '00000000-0000-0000-0000-000000000001', '00000000-0000-0000-0000-000000000001', CURRENT_TIMESTAMP, CURRENT_TIMESTAMP),
    ('00000000-0000-0000-0000-000000000004', 'editor', 'Content editor role', 'editor', '00000000-0000-0000-0000-000000000001', '00000000-0000-0000-0000-000000000001', CURRENT_TIMESTAMP, CURRENT_TIMESTAMP),
    ('00000000-0000-0000-0000-000000000005', 'viewer', 'Read-only viewer role', 'viewer', '00000000-0000-0000-0000-000000000001', '00000000-0000-0000-0000-000000000001', CURRENT_TIMESTAMP, CURRENT_TIMESTAMP),
    ('00000000-0000-0000-0000-000000000006', 'auditor', 'Audit and compliance role', 'auditor', '00000000-0000-0000-0000-000000000001', '00000000-0000-0000-0000-000000000001', CURRENT_TIMESTAMP, CURRENT_TIMESTAMP);

INSERT INTO permissions (id, name, slug, created_by, updated_by, created_at, updated_at)
VALUES ('00000000-0000-0000-0000-000000000005', 'Read', 'read', '00000000-0000-0000-0000-000000000002', '00000000-0000-0000-0000-000000000002', CURRENT_TIMESTAMP, CURRENT_TIMESTAMP),
       ('00000000-0000-0000-0000-000000000006', 'Write', 'write', '00000000-0000-0000-0000-000000000002', '00000000-0000-0000-0000-000000000002', CURRENT_TIMESTAMP, CURRENT_TIMESTAMP),
       ('00000000-0000-0002-0000-000000000007', 'Execute', 'execute', '00000000-0000-0000-0000-000000000002', '00000000-0000-0000-0000-000000000002', CURRENT_TIMESTAMP, CURRENT_TIMESTAMP);

INSERT INTO user_roles (user_id, role_id)
VALUES 
    ('00000000-0000-0000-0000-000000000001', '00000000-0000-0000-0000-000000000001'), -- John Doe (Admin)
    ('00000000-0000-0000-0000-000000000001', '00000000-0000-0000-0000-000000000002'); -- John Doe (User)

INSERT INTO role_permissions (role_id, permission_id)
VALUES 
    ('00000000-0000-0000-0000-000000000001', '00000000-0000-0000-0000-000000000005'), -- Admin (Read)
    ('00000000-0000-0000-0000-000000000001', '00000000-0000-0000-0000-000000000006'), -- Admin (Write)
    ('00000000-0000-0000-0000-000000000002', '00000000-0000-0000-0000-000000000007'); -- User (Execute)

INSERT INTO user_permissions (user_id, permission_id)
VALUES 
    ('00000000-0000-0000-0000-000000000001', '00000000-0000-0000-0000-000000000007'); -- John Doe

INSERT INTO resources (id, name, description, label, type, uri, slug, created_by, updated_by, created_at, updated_at)
VALUES
    ('00000000-0000-0000-0000-000000000007', 'API Endpoints', 'API endpoint management resource', 'API', 'path', '/api', 'api-endpoints', '00000000-0000-0000-0000-000000000001', '00000000-0000-0000-0000-000000000001', CURRENT_TIMESTAMP, CURRENT_TIMESTAMP),
    ('00000000-0000-0000-0000-000000000008', 'Dashboard', 'Dashboard management resource', 'Dashboard', 'path', '/dashboard', 'dashboard', '00000000-0000-0000-0000-000000000001', '00000000-0000-0000-0000-000000000001', CURRENT_TIMESTAMP, CURRENT_TIMESTAMP),
    ('00000000-0000-0000-0000-000000000009', 'Reports', 'Report generation and management resource', 'Reports', 'path', '/reports', 'reports', '00000000-0000-0000-0000-000000000001', '00000000-0000-0000-0000-000000000001', CURRENT_TIMESTAMP, CURRENT_TIMESTAMP),
    ('00000000-0000-0000-0000-000000000010', 'Settings', 'Application settings management resource', 'Settings', 'path', '/settings', 'settings', '00000000-0000-0000-0000-000000000001', '00000000-0000-0000-0000-000000000001', CURRENT_TIMESTAMP, CURRENT_TIMESTAMP);

INSERT INTO resource_permissions (resource_id, permission_id)
VALUES 
    ('00000000-0000-0000-0000-000000000007', '00000000-0000-0000-0000-000000000005'), -- Read permission
    ('00000000-0000-0000-0000-000000000007', '00000000-0000-0000-0000-000000000006'), -- Write permission
    ('00000000-0000-0000-0000-000000000007', '00000000-0000-0000-0000-000000000007'), -- Execute permission
    
    ('00000000-0000-0000-0000-000000000008', '00000000-0000-0000-0000-000000000005'), -- Read permission
    ('00000000-0000-0000-0000-000000000008', '00000000-0000-0000-0000-000000000006'), -- Write permission
    ('00000000-0000-0000-0000-000000000008', '00000000-0000-0000-0000-000000000007'), -- Execute permission
    
    ('00000000-0000-0000-0000-000000000009', '00000000-0000-0000-0000-000000000005'), -- Read permission
    ('00000000-0000-0000-0000-000000000009', '00000000-0000-0000-0000-000000000006'), -- Write permission
    ('00000000-0000-0000-0000-000000000009', '00000000-0000-0000-0000-000000000007'), -- Execute permission
    
    ('00000000-0000-0000-0000-000000000010', '00000000-0000-0000-0000-000000000005'), -- Read permission
    ('00000000-0000-0000-0000-000000000010', '00000000-0000-0000-0000-000000000006'), -- Write permission
    ('00000000-0000-0000-0000-000000000010', '00000000-0000-0000-0000-000000000007'); -- Execute permission
